p,kind,N,sigma_lower_estimate,residual_tstar_t,iterations,seed,free_T1_comparator,source
1009,T1,4,0.8601498665522985,1.806478158361779e-7,1600,987654321,0.8660254037844386,refinement_20260926.jsonl
1009,T1,16,0.4802032748966547,9.841046264242371e-12,958,987654321,0.4841229182759271,refinement_20260926.jsonl
1009,T1,64,0.26498053562369395,9.936378380648442e-12,1296,987654321,0.24803918541230538,refinement_20260926.jsonl
1009,T1,256,0.13242921395394472,9.995872291827678e-12,1135,987654321,0.12475562048961962,refinement_20260926.jsonl
1009,T2,4,0.890462463608538,9.898725527984178e-12,1044,987654321,0.8660254037844386,refinement_20260926.jsonl
1009,T2,16,0.4874603669499449,9.461611010471735e-12,166,987654321,0.4841229182759271,refinement_20260926.jsonl
1009,T2,64,0.18258601048491727,8.336882882856422e-12,47,12345,0.24803918541230538,grid_20260926.jsonl
1009,T2,256,0.08046061232389551,4.6452124595330404e-12,20,987654321,0.12475562048961962,refinement_20260926.jsonl
10007,T1,4,0.8651813682281015,0.0003611424528189876,1600,987654321,0.8660254037844386,refinement_20260926.jsonl
10007,T1,16,0.48603429845692164,5.144743270079511e-11,1600,987654321,0.4841229182759271,refinement_20260926.jsonl
10007,T1,64,0.2514187115306707,0.000002823026215334959,1600,987654321,0.24803918541230538,refinement_20260926.jsonl
10007,T1,256,0.12823463846977481,5.39769901759456e-7,1600,987654321,0.12475562048961962,refinement_20260926.jsonl
10007,T2,4,0.8947234649305088,0.000012887406211350622,1600,987654321,0.8660254037844386,refinement_20260926.jsonl
10007,T2,16,0.5094441420421133,9.588440566414151e-12,467,987654321,0.4841229182759271,refinement_20260926.jsonl
10007,T2,64,0.23303070000970813,9.996688608331369e-12,1361,987654321,0.24803918541230538,refinement_20260926.jsonl
10007,T2,256,0.11242561214404426,8.408548018796502e-12,91,12345,0.12475562048961962,grid_20260926.jsonl
100003,T1,4,0.8655388796582235,0.0006221518744909806,800,987654321,0.8660254037844386,refinement_20260926.jsonl
100003,T1,16,0.48403897302335647,0.00022465300796130878,800,987654321,0.4841229182759271,refinement_20260926.jsonl
100003,T1,64,0.24801411422785688,0.000038841066312693905,800,987654321,0.24803918541230538,refinement_20260926.jsonl
100003,T1,256,0.126697309486751,3.4384398455001945e-8,800,987654321,0.12475562048961962,refinement_20260926.jsonl
100003,T2,4,0.8967035828274843,0.00039378656870312325,800,987654321,0.8660254037844386,refinement_20260926.jsonl
100003,T2,16,0.5172112587686901,0.0000010687652387027307,800,987654321,0.4841229182759271,refinement_20260926.jsonl
100003,T2,64,0.24371489504292138,0.0000020542282353687916,800,987654321,0.24803918541230538,refinement_20260926.jsonl
100003,T2,256,0.11881887148603842,9.818685134251199e-12,393,987654321,0.12475562048961962,refinement_20260926.jsonl
1000003,T1,4,0.8643312862535621,0.0023055886601432555,200,987654321,0.8660254037844386,large_T1_1000003_20260926.jsonl
1000003,T1,16,0.4831841498901496,0.0007282783492892562,200,987654321,0.4841229182759271,large_T1_1000003_20260926.jsonl
1000003,T1,64,0.24762808946155151,0.00019220405483512477,200,987654321,0.24803918541230538,large_T1_1000003_20260926.jsonl
1000003,T1,256,0.12457010386768112,0.00005039023451024851,200,987654321,0.12475562048961962,large_T1_1000003_20260926.jsonl
1000003,T2,4,0.8961253457446743,0.00052178277118381,800,987654321,0.8660254037844386,refinement_20260926.jsonl
1000003,T2,16,0.5178726026739235,0.00025132908553308496,800,987654321,0.4841229182759271,refinement_20260926.jsonl
1000003,T2,64,0.2442712574227871,0.000006844343643840738,800,987654321,0.24803918541230538,refinement_20260926.jsonl
1000003,T2,256,0.11604843546173882,1.039226895452398e-7,800,987654321,0.12475562048961962,refinement_20260926.jsonl
1999993,T1,4,0.864369717221344,0.0022706222686112087,200,987654321,0.8660254037844386,large_T1_1999993_20260926.jsonl
1999993,T1,16,0.48322794034441446,0.0007248688941279643,200,987654321,0.4841229182759271,large_T1_1999993_20260926.jsonl
1999993,T1,64,0.2475580751653439,0.0001827488009941162,200,987654321,0.24803918541230538,large_T1_1999993_20260926.jsonl
1999993,T1,256,0.12430491652968399,0.00009523075037505404,100,987654321,0.12475562048961962,last_T1_1999993_N256_20260926.jsonl
1999993,T2,4,0.8960801305546252,0.0006443399133196044,800,987654321,0.8660254037844386,refinement_20260926.jsonl
1999993,T2,16,0.5175534541102373,0.0002502926098766992,800,987654321,0.4841229182759271,refinement_20260926.jsonl
1999993,T2,64,0.24437798816413617,0.00006682845414444346,800,987654321,0.24803918541230538,refinement_20260926.jsonl
1999993,T2,256,0.11601247741533789,7.265993643094547e-7,800,987654321,0.12475562048961962,refinement_20260926.jsonl
