q,p,d,n,m,h,k,family,verdict,witness,profile,population_searched,exhaustive,population_definition
3,3,1,2,2,1,2,ones,NONE,,,1,yes,all residue allocations modulo cyclic rotation
3,3,1,4,4,1,2,ones,NONE,,,3,yes,all residue allocations modulo cyclic rotation
3,3,1,4,4,1,4,ones,NONE,,,1,yes,all residue allocations modulo cyclic rotation
3,3,1,5,5,1,5,ones,NONE,,,1,yes,all residue allocations modulo cyclic rotation
3,3,1,6,2,3,6,ones,NONE,,,1,yes,all residue allocations modulo cyclic rotation
3,3,1,7,7,1,7,ones,NONE,,,1,yes,all residue allocations modulo cyclic rotation
3,3,1,8,8,1,2,ones,NONE,,,7,yes,all residue allocations modulo cyclic rotation
3,3,1,8,8,1,6,ones,NONE,,,21,yes,all residue allocations modulo cyclic rotation
3,3,1,8,8,1,8,ones,NONE,,,1,yes,all residue allocations modulo cyclic rotation
3,3,1,10,10,1,10,ones,NONE,,,1,yes,all residue allocations modulo cyclic rotation
3,3,1,11,11,1,11,ones,NONE,,,1,yes,all residue allocations modulo cyclic rotation
3,3,1,12,4,3,12,ones,NONE,,,1,yes,all residue allocations modulo cyclic rotation
3,3,1,13,13,1,13,ones,NONE,,,1,yes,all residue allocations modulo cyclic rotation
3,3,1,14,14,1,14,ones,NONE,,,1,yes,all residue allocations modulo cyclic rotation
3,3,1,15,5,3,15,ones,NONE,,,1,yes,all residue allocations modulo cyclic rotation
3,3,1,16,16,1,2,ones,NONE,,,15,yes,all residue allocations modulo cyclic rotation
3,3,1,16,16,1,14,ones,NONE,,,105,yes,all residue allocations modulo cyclic rotation
3,3,1,16,16,1,16,ones,NONE,,,1,yes,all residue allocations modulo cyclic rotation
3,3,1,17,17,1,17,ones,NONE,,,1,yes,all residue allocations modulo cyclic rotation
3,3,1,18,2,9,18,ones,NONE,,,1,yes,all residue allocations modulo cyclic rotation
3,3,1,19,19,1,19,ones,NONE,,,1,yes,all residue allocations modulo cyclic rotation
3,3,1,20,20,1,20,ones,NONE,,,1,yes,all residue allocations modulo cyclic rotation
3,3,1,21,7,3,21,ones,NONE,,,1,yes,all residue allocations modulo cyclic rotation
3,3,1,22,22,1,22,ones,NONE,,,1,yes,all residue allocations modulo cyclic rotation
3,3,1,23,23,1,23,ones,NONE,,,1,yes,all residue allocations modulo cyclic rotation
3,3,1,24,8,3,24,ones,NONE,,,1,yes,all residue allocations modulo cyclic rotation
3,3,1,25,25,1,25,ones,NONE,,,1,yes,all residue allocations modulo cyclic rotation
3,3,1,26,26,1,26,ones,NONE,,,1,yes,all residue allocations modulo cyclic rotation
3,3,1,28,28,1,28,ones,NONE,,,1,yes,all residue allocations modulo cyclic rotation
3,3,1,29,29,1,29,ones,NONE,,,1,yes,all residue allocations modulo cyclic rotation
3,3,1,30,10,3,30,ones,NONE,,,1,yes,all residue allocations modulo cyclic rotation
4,2,2,3,3,1,3,ones,NONE,,,1,yes,all residue allocations modulo cyclic rotation
4,2,2,5,5,1,5,ones,NONE,,,1,yes,all residue allocations modulo cyclic rotation
4,2,2,6,3,2,6,ones,NONE,,,1,yes,all residue allocations modulo cyclic rotation
4,2,2,7,7,1,7,ones,NONE,,,1,yes,all residue allocations modulo cyclic rotation
4,2,2,9,9,1,9,ones,NONE,,,1,yes,all residue allocations modulo cyclic rotation
4,2,2,10,5,2,10,ones,NONE,,,1,yes,all residue allocations modulo cyclic rotation
4,2,2,11,11,1,11,ones,NONE,,,1,yes,all residue allocations modulo cyclic rotation
4,2,2,12,3,4,12,ones,NONE,,,1,yes,all residue allocations modulo cyclic rotation
4,2,2,13,13,1,13,ones,NONE,,,1,yes,all residue allocations modulo cyclic rotation
4,2,2,14,7,2,14,ones,NONE,,,1,yes,all residue allocations modulo cyclic rotation
4,2,2,15,15,1,15,ones,NONE,,,1,yes,all residue allocations modulo cyclic rotation
4,2,2,17,17,1,17,ones,NONE,,,1,yes,all residue allocations modulo cyclic rotation
4,2,2,18,9,2,18,ones,NONE,,,1,yes,all residue allocations modulo cyclic rotation
4,2,2,19,19,1,19,ones,NONE,,,1,yes,all residue allocations modulo cyclic rotation
4,2,2,20,5,4,20,ones,NONE,,,1,yes,all residue allocations modulo cyclic rotation
4,2,2,21,21,1,21,ones,NONE,,,1,yes,all residue allocations modulo cyclic rotation
4,2,2,22,11,2,22,ones,NONE,,,1,yes,all residue allocations modulo cyclic rotation
4,2,2,23,23,1,23,ones,NONE,,,1,yes,all residue allocations modulo cyclic rotation
4,2,2,24,3,8,24,ones,NONE,,,1,yes,all residue allocations modulo cyclic rotation
4,2,2,25,25,1,25,ones,NONE,,,1,yes,all residue allocations modulo cyclic rotation
4,2,2,26,13,2,26,ones,NONE,,,1,yes,all residue allocations modulo cyclic rotation
4,2,2,27,27,1,27,ones,NONE,,,1,yes,all residue allocations modulo cyclic rotation
4,2,2,28,7,4,28,ones,NONE,,,1,yes,all residue allocations modulo cyclic rotation
4,2,2,29,29,1,29,ones,NONE,,,1,yes,all residue allocations modulo cyclic rotation
4,2,2,30,15,2,30,ones,NONE,,,1,yes,all residue allocations modulo cyclic rotation
5,5,1,2,2,1,2,ones,NONE,,,1,yes,all residue allocations modulo cyclic rotation
5,5,1,3,3,1,3,ones,NONE,,,1,yes,all residue allocations modulo cyclic rotation
5,5,1,4,4,1,2,ones,NONE,,,3,yes,all residue allocations modulo cyclic rotation
5,5,1,4,4,1,4,ones,NONE,,,1,yes,all residue allocations modulo cyclic rotation
5,5,1,6,6,1,6,ones,NONE,,,1,yes,all residue allocations modulo cyclic rotation
5,5,1,7,7,1,7,ones,NONE,,,1,yes,all residue allocations modulo cyclic rotation
5,5,1,8,8,1,2,ones,NONE,,,7,yes,all residue allocations modulo cyclic rotation
5,5,1,8,8,1,6,ones,NONE,,,21,yes,all residue allocations modulo cyclic rotation
5,5,1,8,8,1,8,ones,NONE,,,1,yes,all residue allocations modulo cyclic rotation
5,5,1,9,9,1,9,ones,NONE,,,1,yes,all residue allocations modulo cyclic rotation
5,5,1,10,2,5,10,ones,NONE,,,1,yes,all residue allocations modulo cyclic rotation
5,5,1,11,11,1,11,ones,NONE,,,1,yes,all residue allocations modulo cyclic rotation
5,5,1,12,12,1,12,ones,NONE,,,1,yes,all residue allocations modulo cyclic rotation
5,5,1,13,13,1,13,ones,NONE,,,1,yes,all residue allocations modulo cyclic rotation
5,5,1,14,14,1,14,ones,NONE,,,1,yes,all residue allocations modulo cyclic rotation
5,5,1,15,3,5,15,ones,NONE,,,1,yes,all residue allocations modulo cyclic rotation
5,5,1,16,16,1,2,ones,NONE,,,15,yes,all residue allocations modulo cyclic rotation
5,5,1,16,16,1,14,ones,NONE,,,105,yes,all residue allocations modulo cyclic rotation
5,5,1,16,16,1,16,ones,NONE,,,1,yes,all residue allocations modulo cyclic rotation
5,5,1,17,17,1,17,ones,NONE,,,1,yes,all residue allocations modulo cyclic rotation
5,5,1,18,18,1,18,ones,NONE,,,1,yes,all residue allocations modulo cyclic rotation
5,5,1,19,19,1,19,ones,NONE,,,1,yes,all residue allocations modulo cyclic rotation
5,5,1,20,4,5,20,ones,NONE,,,1,yes,all residue allocations modulo cyclic rotation
5,5,1,21,21,1,21,ones,NONE,,,1,yes,all residue allocations modulo cyclic rotation
5,5,1,22,22,1,22,ones,NONE,,,1,yes,all residue allocations modulo cyclic rotation
5,5,1,23,23,1,23,ones,NONE,,,1,yes,all residue allocations modulo cyclic rotation
5,5,1,24,24,1,24,ones,NONE,,,1,yes,all residue allocations modulo cyclic rotation
5,5,1,26,26,1,26,ones,NONE,,,1,yes,all residue allocations modulo cyclic rotation
5,5,1,27,27,1,27,ones,NONE,,,1,yes,all residue allocations modulo cyclic rotation
5,5,1,28,28,1,28,ones,NONE,,,1,yes,all residue allocations modulo cyclic rotation
5,5,1,29,29,1,29,ones,NONE,,,1,yes,all residue allocations modulo cyclic rotation
5,5,1,30,6,5,30,ones,NONE,,,1,yes,all residue allocations modulo cyclic rotation
7,7,1,2,2,1,2,ones,NONE,,,1,yes,all residue allocations modulo cyclic rotation
7,7,1,3,3,1,3,ones,NONE,,,1,yes,all residue allocations modulo cyclic rotation
7,7,1,4,4,1,2,ones,NONE,,,3,yes,all residue allocations modulo cyclic rotation
7,7,1,4,4,1,4,ones,NONE,,,1,yes,all residue allocations modulo cyclic rotation
7,7,1,5,5,1,5,ones,NONE,,,1,yes,all residue allocations modulo cyclic rotation
7,7,1,6,6,1,6,ones,NONE,,,1,yes,all residue allocations modulo cyclic rotation
7,7,1,8,8,1,2,ones,NONE,,,7,yes,all residue allocations modulo cyclic rotation
7,7,1,8,8,1,6,ones,NONE,,,21,yes,all residue allocations modulo cyclic rotation
7,7,1,8,8,1,8,ones,NONE,,,1,yes,all residue allocations modulo cyclic rotation
7,7,1,9,9,1,9,ones,NONE,,,1,yes,all residue allocations modulo cyclic rotation
7,7,1,10,10,1,10,ones,NONE,,,1,yes,all residue allocations modulo cyclic rotation
7,7,1,11,11,1,11,ones,NONE,,,1,yes,all residue allocations modulo cyclic rotation
7,7,1,12,12,1,12,ones,NONE,,,1,yes,all residue allocations modulo cyclic rotation
7,7,1,13,13,1,13,ones,NONE,,,1,yes,all residue allocations modulo cyclic rotation
7,7,1,14,2,7,14,ones,NONE,,,1,yes,all residue allocations modulo cyclic rotation
7,7,1,15,15,1,15,ones,NONE,,,1,yes,all residue allocations modulo cyclic rotation
7,7,1,16,16,1,2,ones,NONE,,,15,yes,all residue allocations modulo cyclic rotation
7,7,1,16,16,1,14,ones,NONE,,,105,yes,all residue allocations modulo cyclic rotation
7,7,1,16,16,1,16,ones,NONE,,,1,yes,all residue allocations modulo cyclic rotation
7,7,1,17,17,1,17,ones,NONE,,,1,yes,all residue allocations modulo cyclic rotation
7,7,1,18,18,1,18,ones,NONE,,,1,yes,all residue allocations modulo cyclic rotation
7,7,1,19,19,1,19,ones,NONE,,,1,yes,all residue allocations modulo cyclic rotation
7,7,1,20,20,1,20,ones,NONE,,,1,yes,all residue allocations modulo cyclic rotation
7,7,1,21,3,7,21,ones,NONE,,,1,yes,all residue allocations modulo cyclic rotation
7,7,1,22,22,1,22,ones,NONE,,,1,yes,all residue allocations modulo cyclic rotation
7,7,1,23,23,1,23,ones,NONE,,,1,yes,all residue allocations modulo cyclic rotation
7,7,1,24,24,1,24,ones,NONE,,,1,yes,all residue allocations modulo cyclic rotation
7,7,1,25,25,1,25,ones,NONE,,,1,yes,all residue allocations modulo cyclic rotation
7,7,1,26,26,1,26,ones,NONE,,,1,yes,all residue allocations modulo cyclic rotation
7,7,1,27,27,1,27,ones,NONE,,,1,yes,all residue allocations modulo cyclic rotation
7,7,1,28,4,7,28,ones,NONE,,,1,yes,all residue allocations modulo cyclic rotation
7,7,1,29,29,1,29,ones,NONE,,,1,yes,all residue allocations modulo cyclic rotation
7,7,1,30,30,1,30,ones,NONE,,,1,yes,all residue allocations modulo cyclic rotation
8,2,3,3,3,1,3,ones,NONE,,,1,yes,all residue allocations modulo cyclic rotation
8,2,3,5,5,1,5,ones,NONE,,,1,yes,all residue allocations modulo cyclic rotation
8,2,3,6,3,2,6,ones,NONE,,,1,yes,all residue allocations modulo cyclic rotation
8,2,3,7,7,1,7,ones,NONE,,,1,yes,all residue allocations modulo cyclic rotation
8,2,3,9,9,1,9,ones,NONE,,,1,yes,all residue allocations modulo cyclic rotation
8,2,3,10,5,2,10,ones,NONE,,,1,yes,all residue allocations modulo cyclic rotation
8,2,3,11,11,1,11,ones,NONE,,,1,yes,all residue allocations modulo cyclic rotation
8,2,3,12,3,4,12,ones,NONE,,,1,yes,all residue allocations modulo cyclic rotation
8,2,3,13,13,1,13,ones,NONE,,,1,yes,all residue allocations modulo cyclic rotation
8,2,3,14,7,2,14,ones,NONE,,,1,yes,all residue allocations modulo cyclic rotation
8,2,3,15,15,1,15,ones,NONE,,,1,yes,all residue allocations modulo cyclic rotation
8,2,3,17,17,1,17,ones,NONE,,,1,yes,all residue allocations modulo cyclic rotation
8,2,3,18,9,2,18,ones,NONE,,,1,yes,all residue allocations modulo cyclic rotation
8,2,3,19,19,1,19,ones,NONE,,,1,yes,all residue allocations modulo cyclic rotation
8,2,3,20,5,4,20,ones,NONE,,,1,yes,all residue allocations modulo cyclic rotation
8,2,3,21,21,1,21,ones,NONE,,,1,yes,all residue allocations modulo cyclic rotation
8,2,3,22,11,2,22,ones,NONE,,,1,yes,all residue allocations modulo cyclic rotation
8,2,3,23,23,1,23,ones,NONE,,,1,yes,all residue allocations modulo cyclic rotation
8,2,3,24,3,8,24,ones,NONE,,,1,yes,all residue allocations modulo cyclic rotation
8,2,3,25,25,1,25,ones,NONE,,,1,yes,all residue allocations modulo cyclic rotation
8,2,3,26,13,2,26,ones,NONE,,,1,yes,all residue allocations modulo cyclic rotation
8,2,3,27,27,1,27,ones,NONE,,,1,yes,all residue allocations modulo cyclic rotation
8,2,3,28,7,4,28,ones,NONE,,,1,yes,all residue allocations modulo cyclic rotation
8,2,3,29,29,1,29,ones,NONE,,,1,yes,all residue allocations modulo cyclic rotation
8,2,3,30,15,2,30,ones,NONE,,,1,yes,all residue allocations modulo cyclic rotation
9,3,2,2,2,1,2,ones,NONE,,,1,yes,all residue allocations modulo cyclic rotation
9,3,2,4,4,1,2,ones,NONE,,,3,yes,all residue allocations modulo cyclic rotation
9,3,2,4,4,1,4,ones,NONE,,,1,yes,all residue allocations modulo cyclic rotation
9,3,2,5,5,1,5,ones,NONE,,,1,yes,all residue allocations modulo cyclic rotation
9,3,2,6,2,3,6,ones,NONE,,,1,yes,all residue allocations modulo cyclic rotation
9,3,2,7,7,1,7,ones,NONE,,,1,yes,all residue allocations modulo cyclic rotation
9,3,2,8,8,1,2,ones,NONE,,,7,yes,all residue allocations modulo cyclic rotation
9,3,2,8,8,1,6,ones,NONE,,,21,yes,all residue allocations modulo cyclic rotation
9,3,2,8,8,1,8,ones,NONE,,,1,yes,all residue allocations modulo cyclic rotation
9,3,2,10,10,1,10,ones,NONE,,,1,yes,all residue allocations modulo cyclic rotation
9,3,2,11,11,1,11,ones,NONE,,,1,yes,all residue allocations modulo cyclic rotation
9,3,2,12,4,3,12,ones,NONE,,,1,yes,all residue allocations modulo cyclic rotation
9,3,2,13,13,1,13,ones,NONE,,,1,yes,all residue allocations modulo cyclic rotation
9,3,2,14,14,1,14,ones,NONE,,,1,yes,all residue allocations modulo cyclic rotation
9,3,2,15,5,3,15,ones,NONE,,,1,yes,all residue allocations modulo cyclic rotation
9,3,2,16,16,1,2,ones,NONE,,,15,yes,all residue allocations modulo cyclic rotation
9,3,2,16,16,1,14,ones,NONE,,,105,yes,all residue allocations modulo cyclic rotation
9,3,2,16,16,1,16,ones,NONE,,,1,yes,all residue allocations modulo cyclic rotation
9,3,2,17,17,1,17,ones,NONE,,,1,yes,all residue allocations modulo cyclic rotation
9,3,2,18,2,9,18,ones,NONE,,,1,yes,all residue allocations modulo cyclic rotation
9,3,2,19,19,1,19,ones,NONE,,,1,yes,all residue allocations modulo cyclic rotation
9,3,2,20,20,1,20,ones,NONE,,,1,yes,all residue allocations modulo cyclic rotation
9,3,2,21,7,3,21,ones,NONE,,,1,yes,all residue allocations modulo cyclic rotation
9,3,2,22,22,1,22,ones,NONE,,,1,yes,all residue allocations modulo cyclic rotation
9,3,2,23,23,1,23,ones,NONE,,,1,yes,all residue allocations modulo cyclic rotation
9,3,2,24,8,3,24,ones,NONE,,,1,yes,all residue allocations modulo cyclic rotation
9,3,2,25,25,1,25,ones,NONE,,,1,yes,all residue allocations modulo cyclic rotation
9,3,2,26,26,1,26,ones,NONE,,,1,yes,all residue allocations modulo cyclic rotation
9,3,2,28,28,1,28,ones,NONE,,,1,yes,all residue allocations modulo cyclic rotation
9,3,2,29,29,1,29,ones,NONE,,,1,yes,all residue allocations modulo cyclic rotation
9,3,2,30,10,3,30,ones,NONE,,,1,yes,all residue allocations modulo cyclic rotation
